<?xml version="1.0" encoding="UTF-8"?>
<GenRun Id="divider_synth_1" LaunchPart="xc7k325tffg676-2L" LaunchTime="1732543361">
  <File Type="PA-TCL" Name="divider.tcl"/>
  <File Type="REPORTS-TCL" Name="divider_reports.tcl"/>
  <File Type="RDS-RDS" Name="divider.vds"/>
  <File Type="RDS-UTIL" Name="divider_utilization_synth.rpt"/>
  <File Type="RDS-UTIL-PB" Name="divider_utilization_synth.pb"/>
  <File Type="RDS-DCP" Name="divider.dcp"/>
  <FileSet Name="sources" Type="BlockSrcs" RelSrcDir="$PSRCDIR/divider" RelGenDir="$PGENDIR/divider">
    <File Path="$PSRCDIR/sources_1/ip/divider/divider.xci">
      <FileInfo>
        <Attr Name="UsedIn" Val="synthesis"/>
        <Attr Name="UsedIn" Val="implementation"/>
        <Attr Name="UsedIn" Val="simulation"/>
      </FileInfo>
    </File>
    <Config>
      <Option Name="TopModule" Val="divider"/>
      <Option Name="UseBlackboxStub" Val="1"/>
    </Config>
  </FileSet>
  <FileSet Name="constrs_in" Type="BlockSrcs" RelSrcDir="$PSRCDIR/divider" RelGenDir="$PGENDIR/divider">
    <File Path="$PSRCDIR/sources_1/ip/divider/divider.xci">
      <FileInfo>
        <Attr Name="UsedIn" Val="synthesis"/>
        <Attr Name="UsedIn" Val="implementation"/>
        <Attr Name="UsedIn" Val="simulation"/>
      </FileInfo>
    </File>
    <Config>
      <Option Name="TopModule" Val="divider"/>
      <Option Name="UseBlackboxStub" Val="1"/>
    </Config>
  </FileSet>
  <FileSet Name="utils" Type="Utils" RelSrcDir="$PSRCDIR/utils_1" RelGenDir="$PGENDIR/utils_1">
    <Filter Type="Utils"/>
    <Config>
      <Option Name="TopAutoSet" Val="TRUE"/>
    </Config>
  </FileSet>
  <Strategy Version="1" Minor="2">
    <StratHandle Name="Vivado Synthesis Defaults" Flow="Vivado Synthesis 2024"/>
    <Step Id="synth_design"/>
  </Strategy>
</GenRun>
