<?xml version="1.0"?>
<Runs Version="1" Minor="0">
	<Run Id="divider_synth_1" LaunchDir="C:/Study/Computer_Architecture/lab/lab5/Exp5/Exp5/Exp5.runs/divider_synth_1" FlowId="Vivado_Synthesis" FromStepId="vivado" ToStepId="vivado"/>
	<Run Id="multiplier_synth_1" LaunchDir="C:/Study/Computer_Architecture/lab/lab5/Exp5/Exp5/Exp5.runs/multiplier_synth_1" FlowId="Vivado_Synthesis" FromStepId="vivado" ToStepId="vivado"/>
	<Run Id="synth_1" LaunchDir="C:/Study/Computer_Architecture/lab/lab5/Exp5/Exp5/Exp5.runs/synth_1" FlowId="Vivado_Synthesis" FromStepId="vivado" ToStepId="vivado">
		<Parent Id="divider_synth_1"/>
		<Parent Id="multiplier_synth_1"/>
	</Run>
	<Parameters>
		<Parameter Name="runs.monitorLSFJobs" Val="true" Type="bool"/>
		<Parameter Name="runs.enableClusterConf" Val="true" Type="bool"/>
		<Parameter Name="general.shortenLongPath" Val="true" Type="bool"/>
	</Parameters>
	<ProductInfo Name="vivado"/>
</Runs>

